bias_type,Mean,Median,StdDev
age,0.6049500387504192,0.6171776658016672,0.1711154934700034
disability,0.5930660045828893,0.6030398350264196,0.18538936156634614
gender,0.5950398893346445,0.6186051493787235,0.16611999676591935
nationality,0.5952693921143893,0.6088891293168446,0.16355675805066178
physical-appearance,0.652415640712868,0.6811258856614428,0.16804518013878414
race-color,0.605800098922387,0.61926970221978,0.149375480287503
religion,0.6054799764177949,0.6187537141723815,0.15266299824087293
sexual-orientation,0.6243126189202516,0.6424036469613585,0.14961403891755895
socioeconomic,0.6046024625063158,0.6112665551459218,0.15441526906543657
