bias_type,ASR
age,0.9865900383141762
disability,0.9791666666666666
gender,0.9923664122137404
nationality,0.9921383647798742
physical-appearance,0.9841269841269841
race-color,0.9919406834300452
religion,0.9920634920634921
sexual-orientation,0.9940476190476191
socioeconomic,0.98635477582846
